{
  "model_type": "pairwise_logistic",
  "features": [
    "archetype_match",
    "error_sig_exact",
    "error_category_match",
    "source_jaccard",
    "step_delta",
    "fix_test_score"
  ],
  "coefficients": [
    0.9447736063312574,
    0.0,
    2.6676602981290123,
    2.7116910421083236,
    -1.0808276817886262,
    -1.7385831760352188
  ],
  "intercept": -2.0991122541775535,
  "metrics": {
    "train_accuracy": 0.9767441860465116,
    "val_accuracy": 1.0,
    "train_auc": 0.9992028696691908,
    "val_auc": 1.0,
    "n_pairs": 344,
    "n_positives": 86,
    "n_negatives": 258
  },
  "note": "Score = sigmoid(intercept + sum(coef[i] * features[name[i]]))."
}