{
  "model_type": "pairwise_logistic",
  "features": [
    "archetype_match",
    "error_sig_exact",
    "error_category_match",
    "source_jaccard",
    "step_delta",
    "fix_test_score"
  ],
  "coefficients": [
    0.836898979679471,
    0.0,
    2.0227047179999142,
    2.48461631133485,
    -0.8388920503939333,
    -1.89259407155007
  ],
  "intercept": -2.3102993876032842,
  "metrics": {
    "train_accuracy": 0.9498525073746312,
    "val_accuracy": 0.9292035398230089,
    "train_auc": 0.9837182688306284,
    "val_auc": 0.964185393258427,
    "n_pairs": 452,
    "n_positives": 96,
    "n_negatives": 356
  },
  "note": "Score = sigmoid(intercept + sum(coef[i] * features[name[i]]))."
}